URL,Last crawled
https://adapy.com/download,2026-05-02
https://adapy.com/feed,2026-03-04
https://adapy.com/untitled,2026-01-26
https://adapy.com/cdrs-ot,2026-01-21
https://adapy.com/wp/api/getcustomer/transfer-more,2026-01-17
https://adapy.com/wp-json/wp/v2/pages/178,2026-01-12
https://adapy.com/dealer-pricing-2024,2026-01-08
https://adapy.com/my-account/lost-password,2025-12-16
https://adapy.com/executive22,2025-12-15
https://adapy.com/wp-admin/admin-ajax.php?action=cws_vc_shortcode_process_simple_like&post_id=12104&nonce=160b710a3c&is_comment=0&disabled=true,2025-12-13
https://adapy.com/published_mobile/[docId],2025-12-13
https://adapy.com/wp-admin/admin-ajax.php?action=cws_vc_shortcode_process_simple_like&post_id=12036&nonce=1e814d01ef&is_comment=0&disabled=true,2025-12-12
https://adapy.com/bruno-under-vehicle-lift,2025-12-10
https://adapy.com/author/adapyadmin,2025-12-10
https://adapy.com/wp-admin/admin-ajax.php?action=cws_vc_shortcode_process_simple_like&post_id=2004&nonce=6ced64ce6b&is_comment=0&disabled=true,2025-12-10
https://adapy.com/product-category/vehicle-automation/feed,2025-12-10
https://adapy.com/lesson/adapy-mobile-app-settings,2025-12-10
https://adapy.com/category/news,2025-12-10
https://adapy.com/brand-standard-sample,2025-12-09
https://adapy.com/bruno-asl-250-platform-lift,2025-12-02
https://adapy.com/open-ticket,2025-12-02
https://adapy.com/product-category/vehicle-automation,2025-12-02
https://adapy.com/wp-admin/admin-ajax.php?action=cws_vc_shortcode_process_simple_like&post_id=2004&nonce=23b112e6bf&is_comment=0&disabled=true,2025-11-28
https://adapy.com/wp-admin/admin-ajax.php?action=cws_vc_shortcode_process_simple_like&post_id=2004&nonce=0616fa82cf&is_comment=0&disabled=true,2025-11-28
https://adapy.com/wp-admin/admin-ajax.php?action=cws_vc_shortcode_process_simple_like&post_id=2004&nonce=3a2e2ce12d&is_comment=0&disabled=true,2025-11-28
https://adapy.com/wp-admin/admin-ajax.php?action=cws_vc_shortcode_process_simple_like&post_id=2004&nonce=5833951db2&is_comment=0&disabled=true,2025-11-28
https://adapy.com/wp-admin/admin-ajax.php?action=cws_vc_shortcode_process_simple_like&post_id=2004&nonce=187776affd&is_comment=0&disabled=true,2025-11-28
https://adapy.com/wp-admin/admin-ajax.php?action=cws_vc_shortcode_process_simple_like&post_id=2004&nonce=04919234c8&is_comment=0&disabled=true,2025-11-28
https://adapy.com/wp-admin/admin-ajax.php?action=cws_vc_shortcode_process_simple_like&post_id=2004&nonce=7f122728be&is_comment=0&disabled=true,2025-11-28
https://adapy.com/wp-admin/admin-ajax.php?action=cws_vc_shortcode_process_simple_like&post_id=2004&nonce=5621630342&is_comment=0&disabled=true,2025-11-28
https://adapy.com/wp-admin/admin-ajax.php?action=cws_vc_shortcode_process_simple_like&post_id=2004&nonce=25206fa5b9&is_comment=0&disabled=true,2025-11-28
https://adapy.com/wp-admin/admin-ajax.php?action=cws_vc_shortcode_process_simple_like&post_id=2004&nonce=45115903db&is_comment=0&disabled=true,2025-11-28
https://adapy.com/wp-admin/admin-ajax.php?action=cws_vc_shortcode_process_simple_like&post_id=2004&nonce=28f394b162&is_comment=0&disabled=true,2025-11-28
https://adapy.com/wp-admin/admin-ajax.php?action=cws_vc_shortcode_process_simple_like&post_id=2004&nonce=3b1faa4935&is_comment=0&disabled=true,2025-11-28
https://adapy.com/wp-admin/admin-ajax.php?action=cws_vc_shortcode_process_simple_like&post_id=2004&nonce=1a19487ba0&is_comment=0&disabled=true,2025-11-28
https://adapy.com/wp-admin/admin-ajax.php?action=cws_vc_shortcode_process_simple_like&post_id=2004&nonce=1d69b49ee2&is_comment=0&disabled=true,2025-11-26
https://adapy.com/wp-admin/admin-ajax.php?action=cws_vc_shortcode_process_simple_like&post_id=2004&nonce=31ca3c1a0d&is_comment=0&disabled=true,2025-11-26
https://adapy.com/wp-admin/admin-ajax.php?action=cws_vc_shortcode_process_simple_like&post_id=12062&nonce=69f1392f13&is_comment=0&disabled=true,2025-11-25
https://adapy.com/al435t-3-axis,2025-11-25
https://adapy.com/wp-admin/admin-ajax.php?action=cws_vc_shortcode_process_simple_like&post_id=12062&nonce=fbbb9e12bc&is_comment=0&disabled=true,2025-11-25
https://adapy.com/wp-admin/admin-ajax.php?action=cws_vc_shortcode_process_simple_like&post_id=12062&nonce=31ca3c1a0d&is_comment=0&disabled=true,2025-11-25
https://adapy.com/wp-admin/admin-ajax.php?action=cws_vc_shortcode_process_simple_like&post_id=12062&nonce=0616fa82cf&is_comment=0&disabled=true,2025-11-25
https://adapy.com/millennium-series,2025-11-22
https://adapy.com/wp-admin/admin-ajax.php?action=cws_vc_shortcode_process_simple_like&post_id=12062&nonce=7f122728be&is_comment=0&disabled=true,2025-11-22
https://adapy.com/wp-admin/admin-ajax.php?action=cws_vc_shortcode_process_simple_like&post_id=12062&nonce=5833951db2&is_comment=0&disabled=true,2025-11-22
https://adapy.com/compatibility,2025-11-22
https://adapy.com/wp-admin/admin-ajax.php?action=cws_vc_shortcode_process_simple_like&post_id=12058&nonce=23b112e6bf&is_comment=0&disabled=true,2025-11-21
https://adapy.com/wp-admin/admin-ajax.php?action=cws_vc_shortcode_process_simple_like&post_id=12058&nonce=312cdb3cd3&is_comment=0&disabled=true,2025-11-21
https://adapy.com/wp-admin/admin-ajax.php?action=cws_vc_shortcode_process_simple_like&post_id=12058&nonce=5a14fb62ea&is_comment=0&disabled=true,2025-11-21
https://adapy.com/wp-admin/admin-ajax.php?action=cws_vc_shortcode_process_simple_like&post_id=12058&nonce=31ca3c1a0d&is_comment=0&disabled=true,2025-11-20
https://adapy.com/wp-admin/admin-ajax.php?action=cws_vc_shortcode_process_simple_like&post_id=12058&nonce=5833951db2&is_comment=0&disabled=true,2025-11-20
https://adapy.com/wp-admin/admin-ajax.php?action=cws_vc_shortcode_process_simple_like&post_id=12058&nonce=25206fa5b9&is_comment=0&disabled=true,2025-11-20
https://adapy.com/wp-admin/admin-ajax.php?action=cws_vc_shortcode_process_simple_like&post_id=12058&nonce=b06f423fcd&is_comment=0&disabled=true,2025-11-20
https://adapy.com/wp-admin/admin-ajax.php?action=cws_vc_shortcode_process_simple_like&post_id=12058&nonce=2e5b1aa29a&is_comment=0&disabled=true,2025-11-20
https://adapy.com/wp-admin/admin-ajax.php?action=cws_vc_shortcode_process_simple_like&post_id=12058&nonce=3a2e2ce12d&is_comment=0&disabled=true,2025-11-20
https://adapy.com/lesson/bruno-pul-1100,2025-11-20
https://adapy.com/wp-admin/admin-ajax.php?action=cws_vc_shortcode_process_simple_like&post_id=12058&nonce=0676120fdb&is_comment=0&disabled=true,2025-11-20
https://adapy.com/wp-admin/admin-ajax.php?action=cws_vc_shortcode_process_simple_like&post_id=12058&nonce=2a78fd10c0&is_comment=0&disabled=true,2025-11-20
https://adapy.com/wp-admin/admin-ajax.php?action=cws_vc_shortcode_process_simple_like&post_id=12058&nonce=0a443ebd8c&is_comment=0&disabled=true,2025-11-20
https://adapy.com/wp-admin/admin-ajax.php?action=cws_vc_shortcode_process_simple_like&post_id=12058&nonce=54c5a166f4&is_comment=0&disabled=true,2025-11-20
https://adapy.com/wp-admin/admin-ajax.php?action=cws_vc_shortcode_process_simple_like&post_id=12058&nonce=6ced64ce6b&is_comment=0&disabled=true,2025-11-20
https://adapy.com/adapy-inc-secures-mi-casa-resource-center-grant-to-protect-intellectual-property-and-drive-innovation-in-adaptive-mobility,2025-11-20
https://adapy.com/wp-admin/admin-ajax.php?action=cws_vc_shortcode_process_simple_like&post_id=12058&nonce=0616fa82cf&is_comment=0&disabled=true,2025-11-20
https://adapy.com/course/https-adapy-com-my-account-customer-logout_wpnonce3e0901c47f,2025-11-19
https://adapy.com/wp-admin/admin-ajax.php?action=cws_vc_shortcode_process_simple_like&post_id=12104&nonce=7f122728be&is_comment=0&disabled=true,2025-11-19
https://adapy.com/privacy,2025-11-19
https://adapy.com/wp-admin/admin-ajax.php?action=cws_vc_shortcode_process_simple_like&post_id=12104&nonce=0676120fdb&is_comment=0&disabled=true,2025-11-19
https://adapy.com/wp-admin/admin-ajax.php?action=cws_vc_shortcode_process_simple_like&post_id=12104&nonce=8949eecb5c&is_comment=0&disabled=true,2025-11-19
https://adapy.com/wp-admin/admin-ajax.php?action=cws_vc_shortcode_process_simple_like&post_id=12104&nonce=b06f423fcd&is_comment=0&disabled=true,2025-11-19
https://adapy.com/2022/08,2025-11-19
https://adapy.com/wp-admin/admin-ajax.php?action=cws_vc_shortcode_process_simple_like&post_id=12104&nonce=23b112e6bf&is_comment=0&disabled=true,2025-11-19
https://adapy.com/wp-admin/admin-ajax.php?action=cws_vc_shortcode_process_simple_like&post_id=12104&nonce=5a14fb62ea&is_comment=0&disabled=true,2025-11-19
https://adapy.com/wp-admin/admin-ajax.php?action=cws_vc_shortcode_process_simple_like&post_id=12104&nonce=f4bf2504cd&is_comment=0&disabled=true,2025-11-19
https://adapy.com/wp-admin/admin-ajax.php?action=cws_vc_shortcode_process_simple_like&post_id=12104&nonce=90db7fdf06&is_comment=0&disabled=true,2025-11-19
https://adapy.com/transfer-more,2025-11-19
https://adapy.com/wp-admin/admin-ajax.php?action=cws_vc_shortcode_process_simple_like&post_id=12104&nonce=93d99182fc&is_comment=0&disabled=true,2025-11-18
https://adapy.com/lab-testing,2025-11-18
https://adapy.com/wp-admin/admin-ajax.php?action=cws_vc_shortcode_process_simple_like&post_id=12104&nonce=a7db9d07cd&is_comment=0&disabled=true,2025-11-18
https://adapy.com/wp-admin/admin-ajax.php?action=cws_vc_shortcode_process_simple_like&post_id=12104&nonce=bcf244df25&is_comment=0&disabled=true,2025-11-18
https://adapy.com/wp-admin/admin-ajax.php?action=cws_vc_shortcode_process_simple_like&post_id=12104&nonce=71ef45ec69&is_comment=0&disabled=true,2025-11-18
https://adapy.com/wp-admin/admin-ajax.php?action=cws_vc_shortcode_process_simple_like&post_id=12104&nonce=c56eb3eb76&is_comment=0&disabled=true,2025-11-18
https://adapy.com/adapy-inc-selected-for-apex-accelerator-program-and-engages-with-logistics-specialties-inc-lsi-to-boost-government-contracting-efforts/feed,2025-11-18
https://adapy.com/under-vehicle-lift-uvl,2025-11-18
https://adapy.com/wp-admin/admin-ajax.php?action=cws_vc_shortcode_process_simple_like&post_id=12104&nonce=0616fa82cf&is_comment=0&disabled=true,2025-11-18
https://adapy.com/wp-admin/admin-ajax.php?action=cws_vc_shortcode_process_simple_like&post_id=12104&nonce=bb4a7720f1&is_comment=0&disabled=true,2025-11-18
https://adapy.com/wp-admin/admin-ajax.php?action=cws_vc_shortcode_process_simple_like&post_id=12104&nonce=25206fa5b9&is_comment=0&disabled=true,2025-11-18
https://adapy.com/wp-admin/admin-ajax.php?action=cws_vc_shortcode_process_simple_like&post_id=12104&nonce=54c5a166f4&is_comment=0&disabled=true,2025-11-18
https://adapy.com/locate,2025-11-18
https://adapy.com/adapy-showcases-cutting-edge-adaptive-technology-at-the-nmeda-conference-in-kansas-city-mo,2025-11-18
https://adapy.com/wp-admin/admin-ajax.php?action=cws_vc_shortcode_process_simple_like&post_id=12104&nonce=fbbb9e12bc&is_comment=0&disabled=true,2025-11-18
"https://adapy.com/wp-includes/css/dashicons.min.css?ver=6.6.1,https://adapy.com/wp-includes/js/tinymce/skins/wordpress/wp-content.css?ver%3D6.6.1",2025-11-18
https://adapy.com/wp-admin/admin-ajax.php?action=cws_vc_shortcode_process_simple_like&post_id=2004&nonce=0a443ebd8c&is_comment=0&disabled=true,2025-11-18
https://adapy.com/wp-admin/admin-ajax.php?action=cws_vc_shortcode_process_simple_like&post_id=12052&nonce=0e948495e0&is_comment=0&disabled=true,2025-11-18
https://adapy.com/wp-admin/admin-ajax.php?action=cws_vc_shortcode_process_simple_like&post_id=2004&nonce=4ce0a52ca4&is_comment=0&disabled=true,2025-11-18
https://adapy.com/wp-content/uploads/2024/01/Adapy_SMSV1_ISED_ICES003_FinalReport.pdf,2025-11-18
https://adapy.com/wp-admin/admin-ajax.php?action=cws_vc_shortcode_process_simple_like&post_id=12062&nonce=10d31e6be0&is_comment=0&disabled=true,2025-11-18
"https://adapy.com/wp-includes/css/dashicons.min.css?ver=6.8.1,https://adapy.com/wp-includes/js/tinymce/skins/wordpress/wp-content.css?ver%3D6.8.1",2025-11-17
https://adapy.com/wp-admin/admin-ajax.php?action=cws_vc_shortcode_process_simple_like&post_id=1996&nonce=a73d85dbd9&is_comment=0&disabled=true,2025-11-17
https://adapy.com/wp-admin/admin-ajax.php?action=cws_vc_shortcode_process_simple_like&post_id=1996&nonce=4992c03eea&is_comment=0&disabled=true,2025-11-17
https://adapy.com/category/news/awards,2025-11-17